ID,Proveedor,Contacto comercial,Email,Teléfono, Saldo pendiente,Fecha de última compra,Fecha expiracion
P0206,Joueur,Francisco Jose Carranza,mglee@gmail.com,(345) 760-4389,"  1.803,00 € ",18/3/2019,10/04/2019
P0207,Esports d'équipe,Cayetano Palau Niño,lamky@optonline.net,(667) 459-1978,"  7.318,00 € ",25/5/2018,17/06/2018
P0208,Impact d'équipe,Macaria Benito Armengol,ebassi@msn.com,(290) 976-0868,"  8.380,00 € ",27/2/2021,22/03/2021
P0209,Logiciel d'équipe,Rosalva Tenorio Carmona,jeteve@outlook.com,(821) 978-0410,"  7.332,00 € ",25/3/2022,17/04/2022
P0210,Recherche de pub,Julián Méndez Barroso,scottzed@aol.com,(264) 298-6094,"  8.113,00 € ",16/4/2017,9/05/2017
P0211,Entreprisereo,Saturnina Ribas Jimenez,amcuri@yahoo.com,(806) 457-2901,"  3.216,00 € ",13/3/2018,5/04/2018
P0212,En amont,Jose Antonio Saturnino Castilla Castelló,ilyaz@verizon.net,(397) 262-0865,"  4.089,00 € ",21/10/2013,13/11/2013
P0213,Solutions Zénitcom,Patricia Pinilla-Esparza,sfoskett@aol.com,(566) 798-8666,"  8.420,00 € ",23/3/2017,15/04/2017
P0214,Fuji 2g,Pánfilo Olmo-Segura,dsowsy@live.com,(810) 397-4766,"  5.917,00 € ",24/4/2014,17/05/2014
P0215,Chaque bon bon après Logo,Hilda Mesa Maldonado,gknauss@icloud.com,(269) 777-2686,"  7.883,00 € ",10/3/2021,2/04/2021
P0216,Groupe Labora,Gerardo Pellicer Montserrat,pkplex@gmail.com,(743) 745-6963,"  925,00 € ",21/6/2019,14/07/2019
P0217,L'autre côté,León Cuadrado Perales,stomv@outlook.com,(250) 505-5438,"  2.642,00 € ",16/10/2016,8/11/2016
P0218,Myrgie,Julie Niño Pellicer,boftx@outlook.com,(260) 827-6778,"  8.203,00 € ",5/4/2022,28/04/2022
P0219,Accueil Robotank,Lucila Viñas Delgado,gward@msn.com,(593) 401-8793,"  4.899,00 € ",16/8/2013,8/09/2013
P0220,Paie Phénix,Teófila Solé-Bosch,mbswan@msn.com,(529) 737-9350,"  5.740,00 € ",28/9/2012,21/10/2012
P0221,Logique d'optimisation,Benigno Montalbán-Mascaró,aprakash@outlook.com,(241) 628-3119,"  6.196,00 € ",1/4/2014,24/04/2014
P0222,Gestion Caron,Xiomara Cabrero Suárez,dkeeler@comcast.net,(281) 431-2732,"  6.793,00 € ",13/12/2020,5/01/2021
P0223,Aérovans,Evita Torrents Aparicio,dburrows@verizon.net,(647) 650-8903,"  784,00 € ",21/7/2015,13/08/2015
P0224,Usine 2cv,Régulo Plaza Jerez,salesgeek@mac.com,(876) 215-3650,"  8.023,00 € ",12/6/2015,5/07/2015
P0225,Nouvelle culture,Laura Jaén Álvarez,jgmyers@yahoo.com,(991) 989-8445,"  8.167,00 € ",17/10/2016,9/11/2016
P0226,Forêt venteuse,Agapito Figueroa-Pavón,temmink@att.net,(204) 375-4432,"  1.242,00 € ",19/9/2016,12/10/2016
P0227,Le Rotary club,Nilda Ana Bejarano Bernad,philb@mac.com,(673) 330-7138,"  1.029,00 € ",25/2/2020,19/03/2020
P0228,Transport en ligne,Onofre Calvo-Pascual,policies@yahoo.com,(312) 546-7032,"  913,00 € ",17/6/2020,10/07/2020
P0229,Bonne mobilité urbaine,Eric de Briones,timlinux@icloud.com,(697) 809-9730,"  2.386,00 € ",9/6/2017,2/07/2017
P0230,Bt Nord,Morena Gordillo-Franco,moinefou@yahoo.ca,(257) 951-4617,"  7.056,00 € ",1/10/2017,24/10/2017
P0231,Ill Consulting,Ramona Riquelme Cuenca,offthelip@outlook.com,(461) 514-9369,"  5.074,00 € ",16/8/2016,8/09/2016
P0232,Transport ferroviaire,Jose Manuel Hernandez Huerta,weidai@icloud.com,(815) 800-1748,"  7.070,00 € ",11/6/2016,4/07/2016
P0233,Perles aux yeux,Felipa Abril Vargas,kramulous@optonline.net,(389) 598-6020,"  7.372,00 € ",4/1/2018,27/01/2018
P0234,Laboratoires Saatchi,Macarena Eufemia Llanos Herrera,tezbo@aol.com,(274) 237-7556,"  5.800,00 € ",26/7/2018,18/08/2018
P0235,Mars Outbre,Porfirio Peinado García,jmmuller@gmail.com,(308) 689-1510,"  1.184,00 € ",15/11/2015,8/12/2015
P0236,Ressources CSW,Andrés del Olivera,jrkorson@comcast.net,(283) 383-6823,"  359,00 € ",14/9/2021,7/10/2021
P0237,Intercités,Marisela Girón Exposito,greear@att.net,(426) 843-1426,"  3.003,00 € ",21/6/2015,14/07/2015
P0238,Carrière par espace,Ruy Íñigo Olmedo Domínguez,bjornk@hotmail.com,(543) 397-7882,"  7.796,00 € ",15/9/2015,8/10/2015
P0239,Dynamique Walna,Ibán Barceló Álamo,sekiya@yahoo.com,(486) 472-8855,"  6.076,00 € ",13/8/2016,5/09/2016
P0240,Trammys Australie,Samanta Olmedo Bayón,flavell@sbcglobal.net,(704) 377-8172,"  420,00 € ",21/8/2016,13/09/2016
P0241,Clarisse,Ulises Valero Clemente,eabrown@sbcglobal.net,(238) 272-8069,"  6.778,00 € ",21/2/2020,15/03/2020
P0242,Routes Ez,Tiburcio Ovidio Jover Castelló,mugwump@outlook.com,(729) 742-2034,"  5.947,00 € ",25/4/2020,18/05/2020
P0243,Balade intelligente,Isa Moll Prats,mugwump@aol.com,(905) 903-7118,"  403,00 € ",23/12/2011,15/01/2012
P0244,Ingénieurs Lbr,Abilio Feliciano Carrillo Lerma,fglock@gmail.com,(645) 482-8037,"  472,00 € ",1/1/2017,24/01/2017
P0245,Réparation automobile Sabre,Catalina Guerra Pavón,moinefou@gmail.com,(541) 938-1407,"  1.363,00 € ",8/3/2020,31/03/2020
P0246,Impacex de l'île,Ruth Cano Casanova,scarolan@yahoo.ca,(690) 645-8157,"  7.899,00 € ",26/7/2017,18/08/2017
P0247,Nous sommes à vous,Anastasio Iglesias Flores,ijackson@comcast.net,(711) 541-2186,"  5.955,00 € ",27/1/2021,19/02/2021
P0248,Anti-systèmes,Abilio Feliu Gelabert,tezbo@sbcglobal.net,(913) 738-6726,"  3.565,00 € ",21/1/2022,13/02/2022
P0249,Start-up européenne,Luis Cervantes-Pont,ebassi@yahoo.com,(449) 929-6055,"  6.449,00 € ",6/11/2017,29/11/2017
P0250,Pièces d'auto Maverick,Teo Sastre Moya,xtang@sbcglobal.net,(466) 688-9765,"  5.045,00 € ",17/11/2021,10/12/2021
P0251,Terrible herbe,Virginia Puga Prado,noticias@hotmail.com,(608) 306-6897,"  6.756,00 € ",20/4/2022,13/05/2022
P0252,Ville de Revelstoke,Inés Castrillo Merino,wonderkid@optonline.net,(462) 215-9471,"  7.408,00 € ",17/4/2012,10/05/2012
P0253,Services de garage,Amarilis Torrent Trillo,mhoffman@comcast.net,(600) 310-6478,"  7.753,00 € ",23/4/2012,16/05/2012
P0254,Toyta,Marisa María Fernanda Téllez Barranco,frode@optonline.net,(842) 633-6426,"  326,00 € ",13/3/2019,5/04/2019
P0255,Administrateurs,Nayara Adoración Carnero Somoza,keutzer@sbcglobal.net,(641) 423-7450,"  3.973,00 € ",1/8/2020,24/08/2020
P0256,Agence Abeille Auto,Gaspar Solano,lridener@me.com,(789) 940-7559,"  5.200,00 € ",10/7/2013,2/08/2013
P0257,Carrière,Mauricio Cuervo Lluch,catalog@optonline.net,(757) 447-7689,"  8.437,00 € ",24/4/2013,17/05/2013
P0258,Lot,Juan Pablo Castro Rius,munge@outlook.com,(882) 327-7053,"  5.080,00 € ",7/1/2012,30/01/2012
P0259,Game Flip (systèmes d'atelier),Gustavo Oliva Tamarit,biglou@yahoo.com,(247) 355-4462,"  5.387,00 € ",22/11/2018,15/12/2018
P0260,Plan de talents,Alex Mayol Aparicio,bulletin@mac.com,(319) 203-1876,"  2.780,00 € ",28/3/2017,20/04/2017
P0261,Nouvelle réalité virtuelle,María Belén Arenas-Solís,rohitm@live.com,(647) 461-7519,"  4.873,00 € ",16/12/2019,8/01/2020
P0262,Sports de vélo de route,Toño Jenaro Sainz Martí,webinc@aol.com,(993) 340-7107,"  3.735,00 € ",16/11/2020,9/12/2020
P0263,Iti technique,Marc Canales Monreal,evans@yahoo.com,(682) 544-2871,"  3.174,00 € ",3/7/2012,26/07/2012
P0264,Noyau,Amada Boada Linares,scottzed@hotmail.com,(946) 681-8464,"  3.801,00 € ",27/3/2018,19/04/2018
P0265,Général,Piedad Quesada Mancebo,rmcfarla@att.net,(990) 927-0907,"  1.254,00 € ",24/12/2017,16/01/2018
P0266,Toombbit,Andrés Felipe Gárate Armas,dkeeler@yahoo.com,(525) 639-9955,"  680,00 € ",22/7/2020,14/08/2020
P0267,Recoder Global,Reyes Andrés Perales,greear@me.com,(269) 953-9661,"  5.804,00 € ",13/12/2016,5/01/2017
P0268,Systèmes IA,Tito del Arrieta,jrkorson@hotmail.com,(226) 441-2336,"  5.272,00 € ",13/8/2016,5/09/2016
P0269,Caméléon,Che del Yáñez,druschel@live.com,(327) 689-3717,"  2.034,00 € ",6/12/2018,29/12/2018
P0270,Systèmes de thon rouge,Anunciación Adán Arroyo,martink@sbcglobal.net,(717) 551-7169,"  7.103,00 € ",2/3/2016,25/03/2016
P0271,Ingénierie psi,Feliciano del Huguet,hstiles@optonline.net,(673) 541-2550,"  2.541,00 € ",17/8/2017,9/09/2017
P0272,Conseils Omp,Soledad Ros Agustín,seanq@hotmail.com,(492) 282-0730,"  5.138,00 € ",5/1/2013,28/01/2013
P0273,Logique,Octavia Arnau Rosales,bmorrow@hotmail.com,(345) 245-7163,"  4.923,00 € ",4/3/2017,27/03/2017
P0274,Automatisation de la maison,Pedro Torrijos,rande@live.com,(855) 355-3174,"  6.504,00 € ",29/1/2012,21/02/2012
P0275,Entreprises Eilis,Eloísa Baró,dwendlan@sbcglobal.net,(406) 573-4342,"  4.839,00 € ",28/9/2014,21/10/2014
P0276,Ai séquentielle,Francisca de Solano,lstaf@comcast.net,(782) 724-8017,"  2.409,00 € ",28/6/2019,21/07/2019
P0277,Connect Lab,Almudena Barragán Valentín,josephw@mac.com,(931) 406-9063,"  1.669,00 € ",4/4/2012,27/04/2012
P0278,Solution de base,Gilberto Arenas Zapata,druschel@comcast.net,(308) 327-2200,"  3.592,00 € ",19/1/2021,11/02/2021
P0279,Systèmes Westwise,Alonso Martí,gward@icloud.com,(409) 652-4229,"  3.226,00 € ",24/9/2012,17/10/2012
P0280,Mobilier d'art d'Orman,Godofredo Marti Bermudez,kronvold@aol.com,(783) 770-4043,"  3.964,00 € ",28/1/2021,20/02/2021
P0281,Aïswad,Elba Taboada Polo,syrinx@icloud.com,(539) 630-3518,"  1.084,00 € ",8/2/2017,3/03/2017
P0282,Ville de Lyon,Carmela de Pulido,mddallara@optonline.net,(294) 658-2744,"  5.175,00 € ",1/1/2015,24/01/2015
P0283,Passe-partout,Balduino Elorza Morera,presoff@mac.com,(851) 622-3038,"  4.593,00 € ",27/10/2013,19/11/2013
P0284,Plateforme Ph5,Humberto de Escrivá,hampton@yahoo.ca,(298) 751-6838,"  6.753,00 € ",20/5/2020,12/06/2020
P0285,investissementc,Merche Arenas-Pareja,ntegrity@gmail.com,(522) 844-6774,"  1.788,00 € ",4/12/2021,27/12/2021
P0286,Associés du siècle,Wilfredo Jacinto Ballester Feijoo,rohitm@gmail.com,(249) 751-4442,"  2.779,00 € ",22/10/2013,14/11/2013
P0287,A secoué 4 enfants,Gisela Berta Benítez Ballesteros,wildfire@msn.com,(870) 412-0760,"  8.146,00 € ",2/7/2012,25/07/2012
P0288,Technologie clé,Sonia Prudencia Sola Cuadrado,kingma@hotmail.com,(611) 908-6776,"  1.413,00 € ",5/5/2021,28/05/2021
P0289,Orrón,Esmeralda Company,smcnabb@live.com,(796) 644-1329,"  1.003,00 € ",8/11/2017,1/12/2017
P0290,Clé de sécurité,Perlita de Moraleda,brickbat@live.com,(757) 945-3590,"  1.951,00 € ",12/5/2018,4/06/2018
P0291,Il a mangé,Benita Elorza-Leal,clkao@aol.com,(357) 693-7492,"  5.251,00 € ",18/7/2013,10/08/2013
P0292,Avocats Alzheimer,Tiburcio Sebastian Vigil Poza,wsnyder@yahoo.ca,(421) 297-7603,"  6.617,00 € ",30/3/2017,22/04/2017
P0293,Location Kingkenny,Tadeo Tomas Aller,bader@me.com,(486) 370-8803,"  3.761,00 € ",22/9/2012,15/10/2012
P0294,Modes Superhome,Agustín Moliner Fernandez,eidac@mac.com,(411) 346-9952,"  611,00 € ",22/8/2021,14/09/2021
P0295,Tout Beddbfty,Ezequiel Bayón-Berrocal,gator@yahoo.ca,(973) 201-0917,"  5.603,00 € ",11/9/2013,4/10/2013
P0296,Première Internationale,Martirio Lourdes Vaquero Piña,zavadsky@gmail.com,(860) 386-4483,"  7.088,00 € ",7/5/2016,30/05/2016
P0297,Vêtements modernesopolis,Herminia Lastra Galiano,dialworld@mac.com,(973) 343-9990,"  7.229,00 € ",3/9/2019,26/09/2019
P0298,Mobilier Urbain,Xiomara Fuente Vergara,hllam@aol.com,(858) 700-8069,"  2.162,00 € ",22/6/2016,15/07/2016
P0299,Merisier,Fabián Perea Gelabert,johnh@msn.com,(997) 460-8399,"  3.818,00 € ",25/12/2018,17/01/2019
P0300,Location de bois,Adán Vilanova,rfisher@outlook.com,(360) 394-5097,"  2.209,00 € ",4/4/2014,27/04/2014
P0301,Monde de Matsuri,Beatriz Acosta Chico,aegreene@yahoo.com,(438) 538-0767,"  5.272,00 € ",20/1/2012,12/02/2012
P0302,Semble Meubles,Calixto Borrego,tsuruta@optonline.net,(889) 796-0357,"  8.217,00 € ",25/3/2021,17/04/2021
P0303,Verre Brante,Cirino Cueto-Burgos,wetter@verizon.net,(366) 633-7684,"  4.978,00 € ",4/11/2013,27/11/2013
P0304,Un seul rouleau,Calixta Mena Matas,pspoole@yahoo.ca,(582) 235-8233,"  7.359,00 € ",5/2/2018,28/02/2018
P0305,Meubles DC,Jesusa de Cabrero,godeke@aol.com,(779) 385-2301,"  4.124,00 € ",14/10/2017,6/11/2017
P0306,Meubles Café,Gonzalo Villar Pujol,grady@optonline.net,(435) 482-8834,"  1.200,00 € ",15/6/2015,8/07/2015
P0307,Raguarta à l'érable,Inocencio Ovidio Galiano Moll,cgarcia@gmail.com,(468) 951-9364,"  2.208,00 € ",9/6/2013,2/07/2013
P0308,Oreillers à froufrous,Nayara Leal,jyoliver@me.com,(276) 811-3773,"  2.348,00 € ",1/10/2021,24/10/2021
P0309,Constructeurs Goykay,Tiburcio Ramón Salom,hampton@att.net,(631) 464-9774,"  7.354,00 € ",9/9/2020,2/10/2020
P0310,Systèmes aténastiques,Griselda Toledo-Sala,satishr@sbcglobal.net,(877) 772-0326,"  2.190,00 € ",30/6/2021,23/07/2021
P0311,Le service informatique à domicile,Elba Candela Galindo Solís,frikazoyd@aol.com,(666) 301-0269,"  680,00 € ",13/5/2020,5/06/2020
P0312,Science illimitée,Amor Escolano Gargallo,geeber@aol.com,(796) 447-4861,"  3.357,00 € ",12/11/2020,5/12/2020
P0313,Impulsion de données,Nacho Cerdán-Vilalta,subir@aol.com,(665) 718-2042,"  6.733,00 € ",26/11/2014,19/12/2014
P0314,Développement Ahiyo,Rufino Adrián Reina Gordillo,andersbr@yahoo.com,(296) 740-8874,"  3.134,00 € ",31/3/2019,23/04/2019
P0315,Boucle de travail,Anselma Orozco-Pujadas,dvdotnet@comcast.net,(518) 408-1514,"  2.588,00 € ",8/2/2015,3/03/2015
P0316,Soufre,Ciro Valera Ródenas,rkobes@gmail.com,(497) 838-1157,"  7.894,00 € ",7/9/2019,30/09/2019
P0317,Chromatique,Consuela Bas Solera,guialbu@att.net,(318) 269-2381,"  6.319,00 € ",30/4/2016,23/05/2016
P0318,Maison Vanini,Oriana Revilla Perez,shazow@mac.com,(713) 647-1170,"  526,00 € ",29/10/2021,21/11/2021
P0319,Usine de Confiture Industrielle,Candelas Ríos,dhwon@outlook.com,(933) 597-1256,"  4.036,00 € ",3/7/2020,26/07/2020
P0320,Itchlo numérique,Leandra Olivia Leal Maza,lcheng@att.net,(700) 450-5572,"  3.951,00 € ",30/1/2012,22/02/2012
P0321,Projet Tamboré,Pastora Arce Coloma,tsuruta@yahoo.com,(350) 625-5420,"  4.970,00 € ",27/12/2012,19/01/2013
P0322,Ais Efficace,Damián Palomares Lledó,mfburgo@hotmail.com,(408) 227-4835,"  4.250,00 € ",13/12/2016,5/01/2017
P0323,joie,Maristela Ponce,zyghom@aol.com,(294) 591-8743,"  7.513,00 € ",3/5/2012,26/05/2012
P0324,Manucure Lee,Melania Chaves Corbacho,ullman@me.com,(855) 736-4308,"  6.191,00 € ",9/8/2018,1/09/2018
P0325,Boucle Banco,Edelmira Robledo-Urrutia,vertigo@icloud.com,(763) 793-7870,"  6.749,00 € ",23/3/2013,15/04/2013
P0326,Grand espace de sauvegarde,Clímaco Teobaldo Fuente Cobos,jelmer@me.com,(499) 275-6735,"  1.334,00 € ",28/1/2013,20/02/2013
P0327,Numérique dynamique,Noa de Córdoba,sinkou@optonline.net,(476) 398-7010,"  2.867,00 € ",1/12/2013,24/12/2013
P0328,Mise au point numérique,Leonel Jara Torrijos,tjensen@hotmail.com,(632) 843-4688,"  2.333,00 € ",6/4/2017,29/04/2017
P0329,Tactiques numériques,Estrella Badía-Amo,grdschl@sbcglobal.net,(686) 935-7569,"  7.831,00 € ",5/4/2012,28/04/2012
P0330,Wappifier,Mayte Bou Cabezas,duncand@optonline.net,(908) 507-7774,"  8.110,00 € ",5/3/2019,28/03/2019
P0331,Buzz numérique,Ainoa Haro,dprice@verizon.net,(236) 228-8236,"  286,00 € ",5/5/2013,28/05/2013
P0332,Cadre d'actualité numérique,Julián del Guitart,drhyde@live.com,(670) 435-1970,"  5.554,00 € ",8/3/2018,31/03/2018
P0333,Grands dessins,Ricarda de Mayoral,atmarks@verizon.net,(251) 837-9664,"  3.519,00 € ",1/5/2022,24/05/2022
P0334,Logiciel Smartworld,Salud Llorens-Carro,mthurn@comcast.net,(357) 359-7575,"  3.474,00 € ",21/8/2017,13/09/2017
P0335,Calibrateurforgeron,Jacobo Gomez Hernández,bmidd@sbcglobal.net,(313) 267-1606,"  2.612,00 € ",17/3/2016,9/04/2016
P0336,Avantage,Aurelia Lozano,seasweb@icloud.com,(250) 609-3136,"  1.615,00 € ",17/6/2014,10/07/2014
P0337,Cq It Au Qatar,Angélica Purificación Vallejo Huerta,jguyer@hotmail.com,(738) 251-8951,"  5.769,00 € ",4/12/2021,27/12/2021
P0338,Conseil DV,Zoraida Cuesta Peiró,jgoerzen@me.com,(349) 340-5368,"  2.008,00 € ",9/3/2013,1/04/2013
P0339,Externaliser le développement informatique,Gabino Iglesias Mínguez,delpino@hotmail.com,(552) 241-4591,"  3.171,00 € ",28/6/2013,21/07/2013
P0340,Also Faktiv,Leocadia Galiano Barroso,pjacklam@verizon.net,(603) 693-5115,"  2.011,00 € ",21/1/2021,13/02/2021
P0341,Kontrolleur,Felix Sola,raides@outlook.com,(596) 738-5897,"  581,00 € ",6/4/2020,29/04/2020
P0342,Finanz-API,Ramón Tomé Pont,jgmyers@verizon.net,(246) 447-6483,"  6.478,00 € ",7/12/2014,30/12/2014
P0343,Biomotivieren,Gil Martin,eminence@sbcglobal.net,(478) 915-6300,"  269,00 € ",1/1/2019,24/01/2019
P0344,Stadt Abus Road,Lucas Sáenz Uriarte,ajlitt@outlook.com,(997) 438-1883,"  6.023,00 € ",13/6/2012,6/07/2012
P0345,Spieler,Sancho Llabrés Gallo,ribet@icloud.com,(268) 963-1280,"  8.114,00 € ",19/10/2021,11/11/2021
P0346,Team-Esport,Jose Manuel Juárez Moreno,cumarana@yahoo.com,(217) 485-6799,"  277,00 € ",24/5/2021,16/06/2021
P0347,Team-Auswirkung,Micaela de Fuentes,flakeg@gmail.com,(931) 717-4342,"  4.916,00 € ",23/1/2020,15/02/2020
P0348,Allianzstudios,Aurelio León Campoy,eimear@me.com,(927) 495-3991,"  1.737,00 € ",31/10/2020,23/11/2020
P0349,Team-Software,Noé de Borrego,cderoove@comcast.net,(570) 922-5871,"  1.956,00 € ",17/2/2014,12/03/2014
P0350,Teknosysteme,Gastón Méndez,eegsa@optonline.net,(732) 289-7179,"  6.806,00 € ",18/5/2019,10/06/2019
P0351,Firmareo,Sara del Lastra,matty@aol.com,(488) 631-5624,"  634,00 € ",18/3/2014,10/04/2014
P0352,Stromaufwärts,Amarilis Acedo Rosales,hikoza@gmail.com,(904) 451-1938,"  5.250,00 € ",13/7/2016,5/08/2016
P0353,Zenitcom-Lösungen,Ale Cerezo,tangsh@live.com,(806) 989-4481,"  3.711,00 € ",5/5/2016,28/05/2016
P0354,2 g Fuji,Ruy del Seguí,wikinerd@msn.com,(681) 893-1883,"  3.090,00 € ",10/12/2012,2/01/2013
P0355,Wembo-Mobil,Olalla Avilés Nieto,ismail@gmail.com,(906) 321-3564,"  3.333,00 € ",27/5/2019,19/06/2019
P0356,Jedes gute gute nach dem Logo,Juanita del Falcón,nicktrig@verizon.net,(541) 415-2083,"  6.432,00 € ",25/10/2012,17/11/2012
P0357,Die andere Seite,Antonio Herberto Carrera Zapata,brickbat@optonline.net,(239) 524-9171,"  6.836,00 € ",3/5/2012,26/05/2012
P0358,Robotank nach Hause,Pedro Armengol Múgica,floxy@verizon.net,(266) 724-3616,"  7.662,00 € ",18/10/2019,10/11/2019
P0359,Phoenix Gehaltsabrechnung,Eulalia Águila,aracne@hotmail.com,(550) 523-9164,"  7.904,00 € ",14/5/2021,6/06/2021
P0360,Optimierungslogik,Pepita Vendrell Rosado,bester@live.com,(259) 824-1957,"  8.056,00 € ",1/2/2020,24/02/2020
P0361,Caron-Management,Lorenza Jódar Gascón,boser@yahoo.ca,(813) 519-5909,"  2.044,00 € ",8/3/2015,31/03/2015
P0362,Kat,Juana Mínguez-Bertrán,harpes@mac.com,(481) 929-3366,"  1.753,00 € ",6/9/2018,29/09/2018
P0363,2cv-Fabrik,Reina Emiliana Acero Arellano,hellfire@verizon.net,(817) 490-1344,"  7.755,00 € ",23/6/2016,16/07/2016
P0364,Neue Kultur,Natalio de Aroca,ubergeeb@att.net,(877) 906-2373,"  5.029,00 € ",2/11/2017,25/11/2017
P0365,Windiger Wald,Magdalena del Peñas,mrobshaw@mac.com,(546) 431-7260,"  3.452,00 € ",4/10/2016,27/10/2016
P0366,Der Rotary-Club,Débora Arroyo Pastor,barnett@comcast.net,(248) 338-4237,"  8.017,00 € ",25/12/2012,17/01/2013
P0367,Online-Transport,José Mari Esteban Torres,feamster@yahoo.com,(607) 539-3060,"  3.404,00 € ",22/4/2015,15/05/2015
P0368,Gute Stadtmobilität,Roberta Nicolás,danzigism@mac.com,(850) 611-3354,"  3.513,00 € ",18/12/2015,10/01/2016
P0369,Schienenverkehr,Amada Conde Rosselló,wojciech@hotmail.com,(983) 225-5505,"  725,00 € ",14/1/2014,6/02/2014
P0370,Carlo Carlo,Celso de Somoza,wildfire@msn.com,(694) 585-1115,"  2.765,00 € ",15/5/2017,7/06/2017
P0371,Perlen gemustert,Virgilio Rios Moreno,cmdrgravy@comcast.net,(884) 717-7192,"  4.284,00 € ",29/8/2018,21/09/2018
